{ "peliculas":
  [
    {
			"id": 1,
			"titulo": "1La guerra de las galaxias: Episodio 1-La amenaza fantasma",
      "poster": "static/img/episodio1.jpg",
      "director": "George Lucas",
      "precio": 18.99,
      "categoria": "Accion",
      "año": 1999,
      "actores":
      [
        { "nombre": "Harrisond ford",
          "personaje": "Cheebacka",
          "foto": "img/harrison.jpg"
        },
        { "nombre": "Jake Lloyd",
          "personaje": "Anakin Skywalker",
          "foto": "img/anakin.jpg"
        }
      ]
    },
    {
      "id": 2,
      "titulo": "Harry Potter y la piedra filosofal",
      "poster": "static/img/h.jpg",
      "director": "George Lucas",
      "precio": 10.99,
      "categoria": "Aventura",
      "año": 1999,
      "actores":
      [
        { "nombre": "Daniel Radcliffe",
          "personaje": "Harry Potter",
          "foto": "img/daniel.jpg"
        },
        { "nombre": "Emma Watson",
          "personaje": "Hermione Granger",
          "foto": "img/Watson.jpg"
        }
      ]
    },
    {
      "id": 3,
      "titulo": "Episodio 4",
      "poster": "static/img/episodio4.jpg",
      "director": "George Lucas",
      "precio": 18.99,
      "categoria": "Romance",
      "año": 1999,
      "actores":
      [
        { "nombre": "Jake Lloyd",
          "personaje": "Anakin Skywalker",
          "foto": "img/anakin.jpg"
        }
      ]
    },
    {
      "id": 4,
      "titulo": "Mamma Mia",
      "poster": "static/img/mamamia.jpg",
      "director": "George Lucas",
      "precio": 18.99,
      "categoria": "Ciencia Ficcion",
      "año": 1999,
      "actores":
      [
        { "nombre": "Jake Lloyd",
          "personaje": "Anakin Skywalker",
          "foto": "img/anakin.jpg"
        }
      ]
    },
    {
      "id": 5,
      "titulo": "5La guerra de las galaxias: Episodio 1-La amenaza fantasma",
      "poster": "static/img/episodio1.jpg",
      "director": "George Lucas",
      "precio": 18.99,
      "categoria": "Aventura",
      "año": 1999,
      "actores":
      [
        { "nombre": "Jake Lloyd",
          "personaje": "Anakin Skywalker",
          "foto": "img/anakin.jpg"
        }
      ]
    },
    {
      "id": 6,
      "titulo": "6La guerra de las galaxias: Episodio 1-La amenaza fantasma",
      "poster": "static/img/episodio1.jpg",
      "director": "George Lucas",
      "precio": 18.99,
      "categoria": "Aventura",
      "año": 1999,
      "actores":
      [
        { "nombre": "Jake Lloyd",
          "personaje": "Anakin Skywalker",
          "foto": "img/anakin.jpg"
        }
      ]
    },
    {
      "id": 7,
      "titulo": "7La guerra de las galaxias: Episodio 1-La amenaza fantasma",
      "poster": "static/img/episodio1.jpg",
      "director": "George Lucas",
      "precio": 18.99,
      "categoria": "Aventura",
      "año": 1999,
      "actores":
      [
        { "nombre": "Jake Lloyd",
          "personaje": "Anakin Skywalker",
          "foto": "img/anakin.jpg"
        }
      ]
    },
    {
      "id": 8,
      "titulo": "8La guerra de las galaxias: Episodio 1-La amenaza fantasma",
      "poster": "static/img/episodio1.jpg",
      "director": "George Lucas",
      "precio": 18.99,
      "categoria": "Accion",
      "año": 1999,
      "actores":
      [
        { "nombre": "Jake Lloyd",
          "personaje": "Anakin Skywalker",
          "foto": "img/anakin.jpg"
        }
      ]
    },
    {
      "id": 9,
      "titulo": "Episodio 4",
      "poster": "static/img/episodio4.jpg",
      "director": "George Lucas",
      "precio": 18.99,
      "categoria": "Aventura",
      "año": 1999,
      "actores":
      [
        { "nombre": "Jake Lloyd",
          "personaje": "Anakin Skywalker",
          "foto": "img/anakin.jpg"
        }
      ]
    },
    {
      "id": 10,
      "titulo": "10La guerra de las galaxias: Episodio 1-La amenaza fantasma",
      "poster": "static/img/episodio1.jpg",
      "director": "George Lucas",
      "precio": 18.99,
      "categoria": "Aventura",
      "año": 1999,
      "actores":
      [
        { "nombre": "Jake Lloyd",
          "personaje": "Anakin Skywalker",
          "foto": "img/anakin.jpg"
        }
      ]
    },
    {
      "id": 11,
      "titulo": "11La guerra de las galaxias: Episodio 1-La amenaza fantasma",
      "poster": "static/img/episodio1.jpg",
      "director": "George Lucas",
      "precio": 18.99,
      "categoria": "Aventura",
      "año": 1999,
      "actores":
      [
        { "nombre": "Jake Lloyd",
          "personaje": "Anakin Skywalker",
          "foto": "img/anakin.jpg"
        }
      ]
    },
    {
      "id": 12,
      "titulo": "12La guerra de las galaxias: Episodio 1-La amenaza fantasma",
      "poster": "static/img/episodio1.jpg",
      "director": "George Lucas",
      "precio": 18.99,
      "categoria": "Aventura",
      "año": 1999,
      "actores":
      [
        { "nombre": "Jake Lloyd",
          "personaje": "Anakin Skywalker",
          "foto": "img/anakin.jpg"
        }
      ]
    }
  ]
}
