{ "peliculas":
  [
    {
			"id": 1,
			"titulo": "'Breaker' Morant (1980)",
      "poster": "static/img/breaker.jpg",
      "director": "Beresford, Bruce",
      "precio": 14.5,
      "categoria": "Accion",
      "description": "Standard",
      "año": 1980,
      "actores":
      [
        { "nombre": "Harrisond ford",
          "personaje": "Cheebacka",
          "foto": "img/harrison.jpg"
        },
        { "nombre": "Jake Lloyd",
          "personaje": "Anakin Skywalker",
          "foto": "img/anakin.jpg"
        }
      ]
    },
    {
      "id": 2,
      "titulo": "'Crocodile' Dundee II (1988): Standard Edition",
      "poster": "static/img/cc.jpg",
      "director": "George Lucas",
      "precio": 15,
      "categoria": "Aventura",
      "description": "Standard",
      "año": 1988,
      "actores":
      [
        { "nombre": "Daniel Radcliffe",
          "personaje": "Harry Potter",
          "foto": "img/daniel.jpg"
        },
        { "nombre": "Emma Watson",
          "personaje": "Hermione Granger",
          "foto": "img/Watson.jpg"
        }
      ]
    },
    {
      "id": 2952,
      "titulo": "Illtown (1996)",
      "poster": "static/img/illtown.jpg",
      "director": "Gomez, Nick (I)",
      "precio": 10,
      "description": "Standard",
      "categoria": "Crime/Drama",
      "año": 1996,
      "actores":
      [
        { "nombre": "Lili Taylor",
          "personaje": "Micky",
          "foto": "img/anakin.jpg"
        }
      ]
    },
    {
      "id": 3578,
      "titulo": "Love and a .45 (1994)",
      "poster": "static/img/love.jpg",
      "director": "Talkington, C.M.",
      "precio": 16.8,
      "description": "Gold",
      "categoria": "Thriller",
      "año": 1994,
      "actores":
      [
        { "nombre": "Jake Lloyd",
          "personaje": "Anakin Skywalker",
          "foto": "img/anakin.jpg"
        }
      ]
    },
    {
      "id": 6532,
      "titulo": "Wizard of Oz, The (1939)",
      "poster": "static/img/wizard.jpg",
      "director": "Fleming, Victor",
      "precio": 19.5,
      "description": "Ultra",
      "categoria": "Adventure/Fantasy",
      "año": 1939,
      "actores":
      [
        { "nombre": "Judy Garland",
          "personaje": "Dorothy Gale",
          "foto": "img/daniel.jpg"
        }
      ]
    },
    {
      "id": 3453,
      "titulo": "Life Less Ordinary, A (1997)",
      "poster": "static/img/life.jpg",
      "director": "Boyle, Danny",
      "precio": 19,
      "description": "Standard",
      "categoria": "Crime/Drama",
      "año": 1986,
      "actores":
      [
        { "nombre": "Ewan McGregor",
          "personaje":"Robert Lewis",
          "foto": "img/anakin.jpg"
        }
      ]
    },
    {
      "id": 4269,
      "titulo": "No Looking Back (1998)",
      "poster": "static/img/looking.jpg",
      "director": "Burns, Edward (I)",
      "precio": 18,
      "description": "Ultra",
      "categoria": "Romance/Drama",
      "año": 1998,
      "actores":
      [
        { "nombre": "Jake Lloyd",
          "personaje": "Anakin Skywalker",
          "foto": "img/anakin.jpg"
        }
      ]
    },
    {
      "id": 2278,
      "titulo": "Gang Related (1997)",
      "poster": "static/img/gang.jpg",
      "director": "Kouf, Jim",
      "precio": 22.8,
      "description": "Gold",
      "categoria": "Crime/Drama",
      "año": 1997,
      "actores":
      [
        { "nombre": "Jake Lloyd",
          "personaje": "Anakin Skywalker",
          "foto": "img/anakin.jpg"
        }
      ]
        }


  ]
}
